id,player,salaries.2018,salaries.2019,salaries.2020,salaries.2021,salaries.2022,salaries.2023,salaries.2024,salaries.2025
1,Francisco Lindor,623200.0,10850000.0,17500000.0,22300000.0,34100000.0,34100000.0,34100000.0,34100000.0
2,Trea Turner,577200.0,3725000.0,7450000.0,13000000.0,21000000.0,27272727.0,27272727.0,27272727.0
3,Manny Machado,16000000.0,12000000.0,32000000.0,32000000.0,32000000.0,17090909.0,17090909.0,17090909.0
4,CÃ©sar HernÃ¡ndez,5100000.0,7750000.0,6250000.0,5000000.0,4000000.0,100000.0,,
5,Freddie Freeman,21000000.0,21000000.0,22000000.0,22000000.0,27000000.0,27000000.0,27000000.0,27000000.0
6,Whit Merrifield,569500.0,1000000.0,5000000.0,6750000.0,7000000.0,6750000.0,7000000.0,1000000.0
7,Alex Bregman,599000.0,640500.0,13000000.0,13000000.0,13000000.0,30500000.0,30500000.0,36666667.0
8,Nick Markakis,11000000.0,4000000.0,2000000.0,,,,,
9,Giancarlo Stanton,25000000.0,26000000.0,26000000.0,29000000.0,29000000.0,32000000.0,32000000.0,32000000.0
10,Marcus Semien,3125000.0,5900000.0,13000000.0,18000000.0,25000000.0,26000000.0,26000000.0,26000000.0
11,JosÃ© RamÃ­rez,2828600.0,4150000.0,6650000.0,9400000.0,22000000.0,14000000.0,17000000.0,19000000.0
12,Charlie Blackmon,12500000.0,21500000.0,21500000.0,21500000.0,21000000.0,15000000.0,13000000.0,
13,Bryce Harper,21625000.0,11538462.0,27538461.0,27538462.0,27538461.0,27538462.0,27538461.0,27538462.0
14,Paul Goldschmidt,11100000.0,14500000.0,26000000.0,26000000.0,26000000.0,26000000.0,26000000.0,12500000.0
15,Ozzie Albies,555000.0,575000.0,1000000.0,3000000.0,5000000.0,7000000.0,7000000.0,7000000.0
16,Mitch Haniger,,590100.0,3010000.0,3010000.0,7750000.0,8000000.0,20000000.0,15500000.0
17,JosÃ© Peraza,570000.0,2775000.0,3000000.0,570500.0,100000.0,,,
18,Andrew McCutchen,14750000.0,10000000.0,17000000.0,20000000.0,3000000.0,5000000.0,5000000.0,5000000.0
19,Jed Lowrie,6000000.0,10000000.0,10000000.0,1500000.0,850000.0,,,
20,Carlos Santana,18333333.0,20333333.0,20833334.0,500000.0,10500000.0,6750000.0,5250000.0,12000000.0
21,Nick Castellanos,6050000.0,9950000.0,16000000.0,14000000.0,20000000.0,20000000.0,20000000.0,20000000.0
22,Matt Carpenter,13750000.0,14750000.0,18500000.0,18500000.0,2000000.0,6500000.0,5500000.0,
23,Eric Hosmer,21000000.0,21000000.0,21000000.0,21000000.0,21000000.0,12280000.0,13000000.0,13000000.0
24,Nolan Arenado,17750000.0,26000000.0,35000000.0,35000000.0,35000000.0,35000000.0,35000000.0,32000000.0
25,Brian Anderson,545000.0,585000.0,,3800000.0,4475000.0,3500000.0,,
26,Shin-Soo Choo,20000000.0,21000000.0,21000000.0,,,,,
27,Anthony Rizzo,7285714.0,12285715.0,16500000.0,16500000.0,16000000.0,17000000.0,17000000.0,6000000.0
28,Yolmer SÃ¡nchez,2350000.0,4625000.0,,1100000.0,,,,
29,Andrew Benintendi,620500.0,717500.0,3400000.0,6600000.0,8500000.0,8600000.0,17100000.0,17100000.0
30,Rhys Hoskins,552500.0,575000.0,,4800000.0,7700000.0,12000000.0,12000000.0,18000000.0
31,Ender Inciarte,4700000.0,5700000.0,7700000.0,8700000.0,1025000.0,,,
32,Matt Olson,547500.0,575000.0,,5000000.0,15000000.0,21000000.0,22000000.0,22000000.0
33,Freddy Galvis,6825000.0,4000000.0,5500000.0,1500000.0,,,,
34,Trevor Story,555000.0,5000000.0,9000000.0,18500000.0,20000000.0,20000000.0,22500000.0,22500000.0
35,Khris Davis,10500000.0,16500000.0,16750000.0,16750000.0,,,,
36,Christian Yelich,7000000.0,9750000.0,12500000.0,14000000.0,26000000.0,26000000.0,26000000.0,26000000.0
37,YoÃ¡n Moncada,555000.0,575000.0,1800000.0,6800000.0,13800000.0,17800000.0,24800000.0,5000000.0
38,J.D. Martinez,23750000.0,23750000.0,23750000.0,19350000.0,19350000.0,10000000.0,12000000.0,
39,Starlin Castro,10857143.0,11857143.0,5000000.0,7000000.0,,,,
40,Javier BÃ¡ez,657000.0,5200000.0,10000000.0,11600000.0,20000000.0,22000000.0,25000000.0,25000000.0
41,Michael Conforto,605094.0,4025000.0,8000000.0,12250000.0,,18000000.0,18000000.0,17000000.0
42,Scooter Gennett,5700000.0,9775000.0,,,,,,
43,Trey Mancini,556500.0,575500.0,4750000.0,4750000.0,7500000.0,250000.0,7000000.0,
44,Mike Moustakas,5500000.0,1000000.0,3000000.0,14000000.0,16000000.0,17280000.0,4000000.0,
45,Cody Bellinger,585000.0,605000.0,11500000.0,16100000.0,17000000.0,12500000.0,5000000.0,27500000.0
46,Jean Segura,9600000.0,14850000.0,14850000.0,14850000.0,14850000.0,1000000.0,8500000.0,2000000.0
47,Brian Dozier,9000000.0,9000000.0,100000.0,,,,,
48,Michael Brantley,11500000.0,16000000.0,16000000.0,16000000.0,16000000.0,12000000.0,,
49,Eduardo Escobar,4850000.0,6166666.0,7166667.0,7666667.0,10000000.0,9500000.0,500000.0,
50,Kyle Seager,19000000.0,19500000.0,19500000.0,18500000.0,2000000.0,,,
51,Marcell Ozuna,9000000.0,12250000.0,18000000.0,12000000.0,16000000.0,18000000.0,18000000.0,16000000.0
52,Joey Votto,25000000.0,25000000.0,25000000.0,25000000.0,25000000.0,25000000.0,7000000.0,
53,Lorenzo Cain,14000000.0,15000000.0,16000000.0,17000000.0,18000000.0,,,
54,George Springer,12000000.0,12000000.0,21000000.0,23666667.0,29666666.0,24166667.0,24166667.0,24166666.0
55,Jeimer Candelario,548300.0,,,2850000.0,5800000.0,5000000.0,13000000.0,16000000.0
56,Ian Desmond,22000000.0,15000000.0,15000000.0,8000000.0,2000000.0,,,
57,Matt Chapman,547500.0,580000.0,,6490000.0,12500000.0,12500000.0,18000000.0,25166667.0
58,Mookie Betts,10500000.0,20000000.0,27000000.0,22916667.0,22916666.0,25416667.0,30416667.0,30416666.0
59,David Peralta,3300000.0,7000000.0,7000000.0,7500000.0,7500000.0,6500000.0,,
60,Adam Jones,17333333.0,3000000.0,,,,,,
61,Justin Upton,16000000.0,18000000.0,21000000.0,23000000.0,28000000.0,,,
62,Max Kepler,587500.0,6000000.0,6250000.0,6500000.0,6750000.0,8500000.0,10000000.0,10000000.0
63,Brett Gardner,11500000.0,2000000.0,10000000.0,2500000.0,1150000.0,,,
64,Mike Trout,34083000.0,17666667.0,37666666.0,37116667.0,37116666.0,37116667.0,37116667.0,37116666.0
65,Tim Anderson,1000000.0,1400000.0,4000000.0,7250000.0,9500000.0,12500000.0,1000000.0,1250000.0
66,Miguel Andujar,,617600.0,,,1300000.0,1525000.0,1700000.0,3000000.0
67,Starling Marte,7833333.0,10333334.0,11500000.0,12500000.0,15750000.0,20750000.0,20750000.0,20750000.0
68,Eugenio SuÃ¡rez,2535714.0,7285714.0,9535714.0,10785714.0,11285714.0,11285715.0,11285715.0,15000000.0
69,Stephen Piscotty,1333333.0,7333333.0,7333333.0,7583334.0,7583334.0,1000000.0,,
70,Chris Taylor,575000.0,3500000.0,5600000.0,7800000.0,15000000.0,15000000.0,13000000.0,13000000.0
71,Jason Kipnis,13666667.0,14666667.0,2500000.0,100000.0,,,,
72,Andrelton Simmons,11000000.0,13000000.0,15000000.0,10500000.0,4000000.0,,,
73,Jose Altuve,9000000.0,9500000.0,29000000.0,29000000.0,29000000.0,29000000.0,29000000.0,33000000.0
74,OdÃºbel Herrera,3350000.0,5350000.0,7350000.0,10350000.0,2500000.0,,,
75,Anthony Rendon,12300000.0,18800000.0,26071429.0,28071428.0,36571429.0,38571428.0,36571429.0,38571428.0
76,Brandon Crawford,15200000.0,15200000.0,15200000.0,15200000.0,16000000.0,16000000.0,2000000.0,
77,Jurickson Profar,1050000.0,3600000.0,5700000.0,4500000.0,8000000.0,1000000.0,1000000.0,12000000.0
78,Justin Smoak,4125000.0,8000000.0,4000000.0,1000000.0,,,,
79,Amed Rosario,548940.0,575500.0,,2400000.0,4950000.0,7800000.0,1500000.0,2000000.0
80,Eddie Rosario,602500.0,4190000.0,7750000.0,8000000.0,9000000.0,9000000.0,2000000.0,
81,AsdrÃºbal Cabrera,8250000.0,3500000.0,2500000.0,1750000.0,,,,
82,Nelson Cruz,14250000.0,14000000.0,12000000.0,13000000.0,12000000.0,3000000.0,,
83,JosÃ© MartÃ­nez,560400.0,1125000.0,2125000.0,,,,,
84,Dee Strange-Gordon,10800000.0,13300000.0,13800000.0,1000000.0,,,,
85,Travis Shaw,567400.0,4675000.0,4000000.0,1500000.0,700000.0,,,
86,Jon Jay,3000000.0,4000000.0,100000.0,100000.0,,,,
87,Josh Bell,572500.0,587000.0,4800000.0,6350000.0,10000000.0,16500000.0,16500000.0,6000000.0
88,Aaron Hicks,2825000.0,6285714.0,10785714.0,10785714.0,10785714.0,10785714.0,9785715.0,9785715.0
89,DJ LeMahieu,8500000.0,12000000.0,12000000.0,15000000.0,15000000.0,15000000.0,15000000.0,15000000.0
90,Xander Bogaerts,7050000.0,12000000.0,20000000.0,20000000.0,20000000.0,25454545.0,25454546.0,25454545.0
91,Ketel Marte,1400000.0,2400000.0,4400000.0,6400000.0,8400000.0,11600000.0,13600000.0,14000000.0
92,Edwin EncarnaciÃ³n,18667000.0,21667000.0,5000000.0,,,,,
93,Joey Gallo,560000.0,605500.0,4400000.0,6200000.0,10275000.0,11000000.0,2500000.0,2500000.0
94,Yonder Alonso,7000000.0,8000000.0,1000000.0,,,,,
95,Yuli Gurriel,12400000.0,10400000.0,8400000.0,6500000.0,8000000.0,1250000.0,,1350000.0
96,Tommy Pham,570100.0,4100000.0,7900000.0,8900000.0,6000000.0,1500000.0,,4025000.0
97,Didi Gregorius,8250000.0,11750000.0,14000000.0,12750000.0,15250000.0,,,
98,Alex Gordon,20000000.0,20000000.0,4000000.0,,,,,
99,JesÃºs Aguilar,557200.0,637500.0,2575000.0,4300000.0,7300000.0,3000000.0,,
100,Nick Ahmed,1275000.0,3663000.0,6375000.0,7875000.0,7875000.0,10375000.0,850000.0,
101,C.J. Cron,2300000.0,4800000.0,6100000.0,1000000.0,7250000.0,7250000.0,,
102,Matt Duffy,930000.0,2675000.0,,1000000.0,1500000.0,1500000.0,,
103,Billy Hamilton,4600000.0,4250000.0,1000000.0,1250000.0,100000.0,100000.0,,
104,JosÃ© Abreu,13000000.0,16000000.0,12666667.0,17666666.0,19666667.0,19500000.0,19500000.0,19500000.0
105,Kole Calhoun,8500000.0,10500000.0,6000000.0,8000000.0,2000000.0,100000.0,,
106,Marwin GonzÃ¡lez,5125000.0,12000000.0,9000000.0,3000000.0,,,,
107,Derek Dietrich,2900000.0,100000.0,,,,,,
108,Joey Wendle,,570400.0,,2250000.0,4550000.0,6000000.0,2000000.0,
109,Willson Contreras,604500.0,684000.0,4500000.0,6650000.0,9625000.0,10000000.0,18000000.0,18000000.0
110,Salvador Perez,8700000.0,11200000.0,14200000.0,14200000.0,18000000.0,20000000.0,20000000.0,22000000.0
111,Mallex Smith,,578400.0,2350000.0,100000.0,,,,
112,Joe Mauer,23000000.0,,,,,,,
113,Kevin Pillar,3250000.0,5800000.0,4250000.0,3600000.0,1400000.0,3000000.0,1000000.0,1000000.0
114,Nomar Mazara,563560.0,3300000.0,5560000.0,1750000.0,,100000.0,,
115,Jackie Bradley Jr.,6100000.0,8550000.0,11000000.0,6500000.0,9500000.0,8000000.0,,
116,Brandon Nimmo,555968.0,598285.0,2175000.0,4700000.0,7000000.0,18500000.0,20500000.0,20500000.0
117,Rougned Odor,3333334.0,7833333.0,9333333.0,12333333.0,12333333.0,3000000.0,,
118,Gregory Polanco,4100000.0,6100000.0,8600000.0,11600000.0,3000000.0,,,
119,Ian Kinsler,11000000.0,3750000.0,3750000.0,,,,,
120,Corey Dickerson,5950000.0,8500000.0,8750000.0,8750000.0,5000000.0,2250000.0,,
121,Dansby Swanson,565000.0,585000.0,3150000.0,6000000.0,10000000.0,14000000.0,26000000.0,28000000.0
122,Alcides Escobar,2500000.0,100000.0,,,1000000.0,,,
123,J.T. Realmuto,2900000.0,5900000.0,10000000.0,20000000.0,23875000.0,23875000.0,23875000.0,23875000.0
124,Miguel Rojas,1180000.0,3155000.0,4750000.0,5000000.0,5000000.0,4250000.0,5750000.0,5000000.0
125,Johan Camargo,555000.0,575000.0,1700000.0,1360000.0,1400000.0,,,
126,Ryon Healy,,579800.0,1000000.0,,,,,
127,Teoscar HernÃ¡ndez,,578600.0,,4320000.0,10650000.0,14000000.0,23500000.0,17666667.0
128,Tucker Barnhart,4437500.0,2937500.0,3937500.0,4187500.0,7500000.0,3250000.0,3250000.0,100000.0
129,Chris Davis,23000000.0,23000000.0,23000000.0,23000000.0,23000000.0,,,
130,Ben Zobrist,16500000.0,12500000.0,,,,,,
131,Manuel Margot,556900.0,577100.0,2475000.0,3400000.0,5600000.0,7000000.0,10000000.0,1300000.0
132,Yasmani Grandal,7900000.0,16000000.0,2250000.0,18250000.0,18250000.0,18250000.0,2500000.0,
133,Jonathan Villar,2550000.0,4825000.0,8200000.0,3550000.0,4500000.0,1500000.0,,
134,Evan Longoria,13666666.0,14666667.0,15166666.0,18666666.0,19666667.0,5000000.0,,
135,Kyle Schwarber,604500.0,3390000.0,7010000.0,7000000.0,3000000.0,20000000.0,20000000.0,20000000.0
136,Victor Martinez,18000000.0,,,,,,,
137,Matt Kemp,21750000.0,21750000.0,100000.0,,,,,
138,Yangervis Solarte,4125000.0,750000.0,,,,,,
139,Carlos GonzÃ¡lez,5000000.0,100000.0,100000.0,,,,,
140,Yadier Molina,20000000.0,20000000.0,20000000.0,9000000.0,10000000.0,,,
141,Eduardo NÃºÃ±ez,4000000.0,5000000.0,100000.0,,,,,
142,Justin Bour,3400000.0,2500000.0,,,,,,
143,Denard Span,11000000.0,4000000.0,,,,,,
144,Jonathan Schoop,8500000.0,7500000.0,6100000.0,4500000.0,7500000.0,7500000.0,,
145,Aaron Judge,622300.0,684300.0,8500000.0,10175000.0,19000000.0,40000000.0,40000000.0,40000000.0
146,Albert Pujols,27000000.0,28000000.0,29000000.0,30000000.0,2500000.0,,,
147,Matt Davidson,570000.0,,,100000.0,,,,
148,Juan Soto,,578300.0,,8500000.0,17100000.0,23000000.0,31000000.0,51875000.0
149,Niko Goodrum,,670500.0,,2100000.0,2100000.0,,,
150,Paul DeJong,1166667.0,1666667.0,1666667.0,4166667.0,6166666.0,9166666.0,2000000.0,1000000.0
151,Rafael Devers,564500.0,614500.0,,4575000.0,11200000.0,17500000.0,29500000.0,29500000.0
152,Jason Heyward,28166667.0,20000000.0,21000000.0,21000000.0,22000000.0,21280000.0,9000000.0,1000000.0
153,Ronald AcuÃ±a Jr.,545000.0,560000.0,1000000.0,5000000.0,15000000.0,17000000.0,17000000.0,17000000.0
154,Josh Reddick,13000000.0,13000000.0,13000000.0,,,,,
155,Scott Kingery,1000000.0,1500000.0,1750000.0,4250000.0,6250000.0,8250000.0,1000000.0,770000.0
156,Gleyber Torres,545000.0,605200.0,,4000000.0,6250000.0,9950000.0,14200000.0,15000000.0
157,Adrian BeltrÃ©,18000000.0,,,,,,,
158,Max Muncy,,575000.0,2500000.0,9000000.0,13000000.0,13500000.0,9500000.0,14500000.0
159,Albert Almora,584500.0,615500.0,1575000.0,100000.0,100000.0,,,
160,JosÃ© Pirela,556200.0,575100.0,,,,,,
161,Todd Frazier,8000000.0,9000000.0,3500000.0,1500000.0,,,,
162,Kendrys Morales,11000000.0,12000000.0,,,,,,
163,Carlos Correa,1000000.0,5000000.0,8000000.0,11700000.0,35100000.0,33333333.0,33333334.0,37333333.0
164,JaCoby Jones,549400.0,567100.0,1575000.0,2650000.0,100000.0,,,
165,Maikel Franco,2950000.0,5200000.0,2950000.0,800000.0,700000.0,,,
166,Robbie Grossman,2000000.0,2000000.0,3725000.0,5000000.0,5000000.0,2000000.0,,
167,Colin Moran,550000.0,579500.0,,2800000.0,1000000.0,,,
168,Addison Russell,3200000.0,3400000.0,,,,,,
169,Jose Iglesias,6275000.0,2500000.0,2500000.0,3500000.0,5000000.0,100000.0,,3000000.0
170,Adam Engel,552000.0,571000.0,,1350000.0,2000000.0,1000000.0,,
171,Randal Grichuk,2600000.0,5000000.0,13000000.0,10333333.0,10333333.0,10333334.0,1500000.0,500000.0
172,Ian Happ,570000.0,603500.0,,4100000.0,6850000.0,10850000.0,21000000.0,21000000.0
173,KikÃ© HernÃ¡ndez,1600000.0,3725000.0,5900000.0,6000000.0,8000000.0,10000000.0,4000000.0,6500000.0
174,AJ Pollock,7750000.0,4000000.0,15000000.0,18000000.0,13000000.0,5000000.0,,
175,Mitch Moreland,6500000.0,6500000.0,2500000.0,2250000.0,,,,
176,Kris Bryant,10850000.0,12900000.0,18600000.0,19500000.0,18000000.0,28000000.0,28000000.0,27000000.0
177,James McCann,2375000.0,2500000.0,5400000.0,8150000.0,8150000.0,12150000.0,12150000.0,
178,Brandon Belt,17200000.0,17200000.0,17200000.0,17200000.0,18400000.0,9300000.0,,
179,Wilmer Difo,557900.0,581100.0,1000000.0,,,1200000.0,,
180,Jonathan Lucroy,6500000.0,3350000.0,100000.0,100000.0,,,,
181,Aledmys DÃ­az,2000000.0,2000000.0,2600000.0,3000000.0,4450000.0,6500000.0,8000000.0,
182,Evan Gattis,6700000.0,,,,,,,
183,Gorkys HernÃ¡ndez,561500.0,,,,,,,
184,Daniel Palka,,567000.0,,,,,,
185,Buster Posey,22177778.0,22177778.0,22177778.0,22177778.0,3000000.0,,,
186,Nick Williams,553000.0,575000.0,,,,,,
187,Ryan Braun,20000000.0,19000000.0,17000000.0,4000000.0,,,,
188,Yasiel Puig,9214000.0,9700000.0,,,,,,
189,Gerardo Parra,10000000.0,1500000.0,,1000000.0,,,,
190,Joc Pederson,2600000.0,5000000.0,7750000.0,4500000.0,2500000.0,19650000.0,9500000.0,3000000.0
191,Hunter Renfroe,,582100.0,3300000.0,3100000.0,7650000.0,11900000.0,5500000.0,7570000.0
192,Jordy Mercer,6750000.0,5250000.0,100000.0,1000000.0,,,,
193,Yan Gomes,6033333.0,7083334.0,1000000.0,6000000.0,6000000.0,6000000.0,6000000.0,
194,Scott Schebler,580000.0,625000.0,,,,,,
195,Wilmer Flores,3400000.0,3750000.0,500000.0,3000000.0,3500000.0,6500000.0,6500000.0,3500000.0
196,Elvis Andrus,15250000.0,15250000.0,15250000.0,14250000.0,14250000.0,3000000.0,,
197,Ronald GuzmÃ¡n,,569500.0,,,,,,
198,Harrison Bader,,578300.0,,2000000.0,5200000.0,5200000.0,10500000.0,4750000.0
199,Adam Duvall,645000.0,2875000.0,3250000.0,2000000.0,9275000.0,7000000.0,3000000.0,
200,Robinson Chirinos,2250000.0,1000000.0,5500000.0,1000000.0,900000.0,,,
201,Justin Turner,12000000.0,19000000.0,20000000.0,12000000.0,20000000.0,2000000.0,6700000.0,6000000.0
202,Daniel Descalso,2000000.0,1500000.0,2500000.0,1000000.0,,,,
203,Wilson Ramos,8500000.0,7250000.0,10250000.0,1500000.0,,,,
204,Logan Forsythe,9000000.0,100000.0,100000.0,,,,,
205,Mark Canha,,2050000.0,4800000.0,6920000.0,13000000.0,11500000.0,11500000.0,1400000.0
206,Carlos GÃ³mez,4000000.0,100000.0,,,,,,
207,Kolten Wong,4000000.0,6500000.0,10250000.0,1000000.0,8500000.0,10000000.0,,
208,Lewis Brinson,545000.0,570000.0,,,100000.0,,,
209,Mike Zunino,2975000.0,4412000.0,4500000.0,2000000.0,7000000.0,6000000.0,,
210,Francisco Cervelli,10500000.0,11500000.0,2000000.0,,,,,
211,MartÃ­n Maldonado,3900000.0,2500000.0,3500000.0,3500000.0,5000000.0,4000000.0,4000000.0,250000.0
212,Curtis Granderson,5000000.0,1750000.0,,,,,,
213,Tim Beckham,3350000.0,1750000.0,,100000.0,,,,
214,Jedd Gyorko,9000000.0,13000000.0,1000000.0,1000000.0,,,,
215,JosÃ© Bautista,500000.0,,,,,,,
216,Neil Walker,4000000.0,2000000.0,100000.0,,,,,
217,Isiah Kiner-Falefa,,569500.0,,2000000.0,4700000.0,6000000.0,7500000.0,7500000.0
218,Delino DeShields,561500.0,1400000.0,1875000.0,100000.0,,,,
219,Joe Panik,3450000.0,3800000.0,,1850000.0,,,,
220,Jake Bauers,,560400.0,,,,,1350000.0,
221,Hunter Dozier,,567225.0,,2500000.0,4750000.0,7500000.0,9250000.0,1000000.0
222,Kurt Suzuki,3500000.0,4000000.0,6000000.0,1500000.0,1750000.0,,,
223,Travis Jankowski,,1165000.0,1050000.0,570500.0,1250000.0,1250000.0,1700000.0,100000.0
224,AvisaÃ­l GarcÃ­a,6700000.0,3500000.0,7250000.0,10750000.0,1500000.0,12000000.0,12000000.0,12000000.0
225,Michael A. Taylor,2525000.0,3250000.0,3325000.0,1750000.0,4500000.0,4500000.0,4000000.0,1950000.0
226,Christian Villanueva,548500.0,,,,,,,
227,Cameron Maybin,3250000.0,100000.0,1500000.0,100000.0,,,,
228,Devon Travis,1450000.0,1925000.0,,,,,,
229,Jorge Alfaro,547000.0,570000.0,,2050000.0,2725000.0,,,
230,Austin Jackson,3000000.0,3000000.0,,,,,,
231,Josh Harrison,10250000.0,1000000.0,100000.0,1000000.0,4000000.0,1500000.0,,
232,Gary SÃ¡nchez,620400.0,669800.0,5000000.0,6350000.0,9000000.0,1500000.0,3000000.0,4000000.0
233,Adam Eaton,6000000.0,8400000.0,9500000.0,1500000.0,1000000.0,,,
234,Brock Holt,2225000.0,3575000.0,2500000.0,750000.0,,,,
235,Kevin Kiermaier,5666667.0,8166667.0,10166667.0,11166666.0,12166666.0,9000000.0,10500000.0,
236,Shohei Ohtani,545000.0,650000.0,,3000000.0,5500000.0,30000000.0,28216944.0,28216944.0
237,Lucas Duda,3500000.0,1250000.0,,,,,,
238,Ehire Adrianza,1000000.0,1300000.0,1600000.0,1500000.0,1500000.0,1000000.0,,
239,Orlando Arcia,559600.0,565700.0,2200000.0,2000000.0,1600000.0,2300000.0,2000000.0,2000000.0
240,Jay Bruce,11000000.0,14000000.0,14000000.0,1350000.0,,,,
241,Chris Iannetta,3600000.0,4150000.0,750000.0,,,,,
242,Logan Morrison,5500000.0,1000000.0,,,,,,
243,Mark Trumbo,12500000.0,13500000.0,,,,,,
244,Leonys MartÃ­n,1750000.0,3000000.0,,,,100000.0,,
245,Adam Frazier,571000.0,584000.0,2800000.0,4300000.0,8000000.0,8000000.0,2000000.0,2500000.0
246,Russell Martin,20000000.0,20000000.0,,,,,,
247,Daniel Murphy,17500000.0,10000000.0,8000000.0,6000000.0,,,,
248,Robinson CanÃ³,12258065.0,24000000.0,24000000.0,,23438462.0,24000000.0,,
249,Wil Myers,4500000.0,5500000.0,22500000.0,22500000.0,22500000.0,1000000.0,1500000.0,
250,Daniel Robertson,,570300.0,1025000.0,900000.0,,,,
251,Guillermo Heredia,,782000.0,563500.0,1000000.0,1000000.0,,,
252,Manny PiÃ±a,560100.0,1600000.0,1850000.0,1650000.0,3500000.0,4500000.0,,
253,Matt Adams,4000000.0,3000000.0,1000000.0,,,100000.0,,
254,Mitch Garver,547500.0,575000.0,,1875000.0,3335000.0,3900000.0,10500000.0,12500000.0
255,Dexter Fowler,16500000.0,16500000.0,16500000.0,16500000.0,100000.0,,,
256,HernÃ¡n PÃ©rez,1975000.0,2500000.0,100000.0,100000.0,,,,
257,Jesse Winker,545000.0,580000.0,,3150000.0,6250000.0,8250000.0,2000000.0,7500000.0
258,Chad Pinder,550000.0,565000.0,2025000.0,2275000.0,2725000.0,100000.0,,
259,Jorge Polanco,575000.0,3583333.0,3833333.0,4333333.0,5500000.0,7500000.0,10500000.0,750000.0
260,JT Riddle,545000.0,560000.0,850000.0,100000.0,,,,
261,Yairo MuÃ±oz,545000.0,562000.0,,,,,,
262,Cory Spangenberg,1700000.0,1200000.0,,,,,,
263,Austin Hedges,553100.0,2060000.0,3000000.0,3280000.0,4000000.0,5000000.0,4000000.0,4000000.0
264,Willy Adames,,562400.0,,,4600000.0,8700000.0,12250000.0,13142857.0
265,Ryan Zimmerman,14000000.0,18000000.0,2000000.0,1000000.0,,,,
266,Charlie Culberson,575000.0,1395000.0,100000.0,,1750000.0,100000.0,,
267,Omar NarvÃ¡ez,560000.0,581200.0,2725000.0,2500000.0,5000000.0,8000000.0,7000000.0,
268,Adeiny HechavarrÃ­a,5900000.0,100000.0,1000000.0,,,100000.0,,
269,Nicky Delmonico,553000.0,,,100000.0,,,,
270,John Hicks,551300.0,567100.0,,,,,,
271,David Freese,4250000.0,500000.0,,,,,,
272,Greg Bird,582000.0,1200000.0,,100000.0,,,,
273,Alen Hanson,,,,,,,,
274,Jake Cave,545000.0,572500.0,,,,950000.0,1000000.0,
275,Chris Owings,3400000.0,3000000.0,,,700000.0,100000.0,,
276,David Fletcher,,561500.0,,2000000.0,4000000.0,6000000.0,6000000.0,6500000.0
277,Nick Hundley,2500000.0,1250000.0,,,,,,
278,Rosell Herrera,,560000.0,,,,,,
279,Miguel SanÃ³,602500.0,2650000.0,7000000.0,11000000.0,9250000.0,3000000.0,875000.0,
280,Tyler Flowers,4000000.0,4000000.0,2000000.0,,,,,
281,Tony Kemp,,583600.0,,1050000.0,2250000.0,3725000.0,1000000.0,
282,Ben Gamel,,567700.0,1400000.0,100000.0,1800000.0,100000.0,,1200000.0
283,Greg Allen,,560400.0,,,,,,
284,Adalberto MondesÃ­,,576000.0,,2520000.0,3000000.0,3045000.0,,
285,Sandy LeÃ³n,1950000.0,2475000.0,2000000.0,1250000.0,,100000.0,,
286,Luis Valbuena,8000000.0,,,,,,,
287,Aaron Altherr,561000.0,1350000.0,,,,,,
288,Franmil Reyes,,570500.0,,,4550000.0,2000000.0,,
289,Danny Valencia,1200000.0,,,,,,,
290,Caleb Joseph,1250000.0,,,,,,,
291,Melky Cabrera,1000000.0,1150000.0,,,,,,
292,Eric Thames,5000000.0,6000000.0,1000000.0,1000000.0,,,,
293,Elias DÃ­az,559000.0,578500.0,,1200000.0,3000000.0,5500000.0,6000000.0,1500000.0
294,Kevin Plawecki,557471.0,1137000.0,900000.0,1600000.0,2250000.0,100000.0,,
295,Leury GarcÃ­a,1175000.0,1550000.0,3250000.0,3500000.0,5500000.0,5500000.0,5500000.0,
296,Devin Mesoraco,13125000.0,100000.0,,,,,,
297,Steven Souza Jr.,3550000.0,4125000.0,1000000.0,100000.0,,,,
298,David Dahl,,560000.0,2475000.0,2700000.0,100000.0,1250000.0,,
299,Matt Wieters,10500000.0,100000.0,2000000.0,,,,,
300,Jorge Bonifacio,,,,,,,,
301,Christian VÃ¡zquez,1425000.0,2850000.0,4200000.0,6250000.0,7000000.0,10000000.0,10000000.0,10000000.0
302,Tyler Austin,,568600.0,,,,,,
303,Austin Romine,1100000.0,1800000.0,4100000.0,1500000.0,100000.0,100000.0,,
304,Lourdes Gurriel Jr.,1428572.0,1928571.0,2928572.0,3928571.0,4928572.0,5828571.0,10000000.0,14000000.0
305,Renato NÃºÃ±ez,545000.0,562000.0,,570500.0,,,,
306,Jorge Soler,4666667.0,4666667.0,7300000.0,8050000.0,12000000.0,15000000.0,10000000.0,16000000.0
307,Brad Miller,4500000.0,1000000.0,2000000.0,3500000.0,6000000.0,4000000.0,,
308,Zack Cozart,12666666.0,12666667.0,12666667.0,,,,,
309,Pablo Sandoval,18055000.0,18045000.0,5000000.0,1000000.0,,,,
310,JosÃ© Reyes,4000000.0,,,,,,,
311,Steve Pearce,6250000.0,6250000.0,,,,,,
312,Mikie Mahtook,560400.0,574500.0,,,,,,
313,Max Stassi,557100.0,590100.0,800000.0,1600000.0,3000000.0,7000000.0,7000000.0,500000.0
314,Jeff McNeil,,567714.0,,,3000000.0,6250000.0,10250000.0,15750000.0
315,Hunter Pence,18500000.0,2000000.0,3000000.0,,,,,
316,Phil Ervin,545000.0,,,,,,,
317,Matt Joyce,6000000.0,1250000.0,100000.0,1500000.0,,,,
318,Jace Peterson,,,100000.0,570500.0,1825000.0,4500000.0,5000000.0,
319,Austin Barnes,555000.0,575000.0,1100000.0,1650000.0,2650000.0,3500000.0,3500000.0,3500000.0
320,Jake Lamb,4275000.0,4825000.0,5515000.0,241935.0,100000.0,288960.0,,
321,Jarrod Dyson,3750000.0,3750000.0,2000000.0,1500000.0,,,,
322,Tyler White,,582900.0,,,,,,
323,Jake Marisnick,1900000.0,2212000.0,3312000.0,1000000.0,500000.0,866636.0,,
324,Mark Reynolds,,1000000.0,,,,,,
325,Domingo Santana,572400.0,1950000.0,1250000.0,250000.0,,,,
326,Alex Avila,4000000.0,4250000.0,4250000.0,,,,,
327,Dixon Machado,553600.0,,,,,,,
328,Johnny Field,,,,,,,,
329,Luke Maile,558400.0,579000.0,900000.0,,900000.0,1175000.0,3000000.0,500000.0
330,Joey Rickard,,570000.0,,,,,,
331,Austin Slater,,,,1150000.0,1850000.0,3200000.0,4000000.0,1750000.0
332,John Ryan Murphy,558000.0,900000.0,,,,,,
333,Brandon Guyer,2750000.0,250000.0,100000.0,,,,,
334,Jiman Choi,850000.0,850000.0,,2450000.0,3200000.0,4650000.0,,
335,Erik Kratz,,1500000.0,100000.0,,,,,
336,VÃ­ctor Reyes,545000.0,,,,1400000.0,,,
337,Josh Donaldson,23000000.0,23000000.0,18750000.0,21750000.0,21750000.0,21750000.0,8000000.0,
338,Carlos Asuaje,550100.0,,,,,,,
339,Jeff Mathis,2000000.0,3250000.0,3000000.0,100000.0,,,,
340,Rajai Davis,1750000.0,,,,,,,
341,Brian McCann,17000000.0,2000000.0,,,,,,
342,Tony Wolters,550000.0,960000.0,1900000.0,800000.0,,,,
343,Andrew Knapp,548000.0,565000.0,710000.0,1100000.0,800000.0,,,
344,Pedro Severino,,563500.0,,1825000.0,1900000.0,,,
345,David Bote,,561500.0,960000.0,1010000.0,2510000.0,4010000.0,5510000.0,1000000.0
346,Roberto PÃ©rez,1625000.0,2625000.0,3625000.0,5500000.0,450000.0,2500000.0,,
347,Jefry MartÃ©,559000.0,,,,,,,
348,MartÃ­n Prado,13500000.0,15000000.0,,,,,,
349,Greg Garcia,569600.0,910000.0,1500000.0,100000.0,,,,
350,Blake Swihart,563500.0,910000.0,100000.0,100000.0,,,,
351,Ronny RodrÃ­guez,,,,,,,,
352,GrÃ©gor Blanco,1000000.0,100000.0,,,,,,
353,Dustin Fowler,547500.0,,,,,,,
354,Ryan McMahon,547000.0,560000.0,,2375000.0,5000000.0,9000000.0,12000000.0,12000000.0
355,Victor Caratini,,569500.0,,1300000.0,2000000.0,2800000.0,6000000.0,6000000.0
356,JesÃºs Sucre,925000.0,850000.0,,,,,,
357,Hanley RamÃ­rez,22750000.0,100000.0,,,,,,
358,Tommy La Stella,950000.0,1350000.0,3250000.0,2000000.0,5250000.0,10780000.0,,
359,Cedric Mullins,,557500.0,,,,4100000.0,6325000.0,8725000.0
360,Austin Meadows,,557400.0,,,4000000.0,4300000.0,,
361,AdriÃ¡n GonzÃ¡lez,22357000.0,,,,,,,
362,Kevan Smith,,572500.0,,,,,,
363,Chase Utley,1000000.0,,,,,,,
364,Jim Adduci,,,,,,,,
365,Chance Sisco,546500.0,,,,100000.0,,,
366,Preston Tucker,565000.0,,,,,,,
367,A.J. Ellis,1250000.0,,,,,,,
368,Tyler Naquin,564800.0,574800.0,1450000.0,1500000.0,4025000.0,100000.0,,
369,Ryan Flaherty,750000.0,100000.0,,,,,,
370,Drew Butera,2300000.0,100000.0,,100000.0,,,,
371,Welington Castillo,7250000.0,7250000.0,500000.0,100000.0,,,,
372,Ryan LaMarre,,,,,,,,
373,Brian Goodwin,553900.0,583500.0,2200000.0,100000.0,,,,
374,Nick Martini,,557500.0,,,,,750000.0,
375,RamÃ³n Laureano,,557500.0,,,2450000.0,3550000.0,5150000.0,4000000.0
376,Sean RodrÃ­guez,5750000.0,100000.0,100000.0,,,,,
377,Ryan O'Hearn,,557650.0,,,1300000.0,1400000.0,3500000.0,8000000.0
378,Craig Gentry,900000.0,100000.0,,,,,,
379,Bryan Holaday,1000000.0,,,100000.0,,,,
380,Luke Voit,,573200.0,,4700000.0,5450000.0,2000000.0,,
381,Howie Kendrick,3000000.0,4000000.0,6250000.0,,,,,
382,Yadiel Rivera,,,,,,,,
383,Miguel Cabrera,30000000.0,30000000.0,30000000.0,30000000.0,32000000.0,32000000.0,8000000.0,
384,Yoenis CÃ©spedes,29000000.0,22900000.0,6000000.0,,,,,
385,Curt Casali,,950000.0,1462000.0,1500000.0,2600000.0,2500000.0,750000.0,
386,Magneuris Sierra,,,,,100000.0,,,
387,Franchy Cordero,546500.0,560100.0,,800000.0,,1000000.0,,
388,Noel Cuevas,,,,,,,,
389,Steven Duggar,,558125.0,,,,,,
390,Kelby Tomlinson,560000.0,,,,,,,
391,Abraham Almonte,825000.0,,,239516.0,,,,
392,Bobby Wilson,,100000.0,,,,,,
393,Dominic Smith,,559320.0,,2550000.0,3950000.0,2000000.0,1430108.0,
394,Brandon Lowe,,1000000.0,1500000.0,2500000.0,4000000.0,5250000.0,8750000.0,10500000.0
395,Alex Blandino,,557500.0,,,100000.0,,,
396,Ryan Rua,870000.0,,,,,,,
397,Taylor Ward,,,,,,2750000.0,4800000.0,7825000.0
398,Brett Phillips,,,,,1400000.0,1200000.0,,
399,Erik GonzÃ¡lez,547800.0,577000.0,725000.0,1225000.0,100000.0,,,
400,Spencer Kieboom,,,,,,,,
401,Rafael Ortega,,,100000.0,,,,,
402,Roman Quinn,545000.0,559000.0,,,100000.0,,,
403,Tyler O'Neill,,564000.0,,,3400000.0,4950000.0,5850000.0,16500000.0
404,Francisco PeÃ±a,650000.0,,,,,,,
405,JB Shuck,750000.0,700000.0,,,,,,
406,Tyler Saladino,565000.0,887500.0,,,,,,
407,J.P. Crawford,545500.0,,,2050000.0,6000000.0,11000000.0,11000000.0,11000000.0
408,Trayce Thompson,,,,,,1450000.0,,
409,Carlos Tocci,545000.0,,,,,,,
410,Pat Valaika,550000.0,,,875000.0,100000.0,,,
411,Mason Williams,,,,,,,,
412,Billy McKinney,,559400.0,,,700000.0,,,
413,Andrew Romine,1050000.0,100000.0,100000.0,100000.0,,,,
414,JosÃ© BriceÃ±o,,,,,,,,
415,Chris Young,2000000.0,,,,,,,
416,Pedro Ãlvarez,1000000.0,100000.0,,,,,,
417,Drew Robinson,,564100.0,,,,,,
418,Kaleb Cowart,,,,,,,,
419,Brandon Dixon,,,,,,,,
420,JosÃ© Miguel FernÃ¡ndez,,,,,,,,
421,Austin Dean,,,,,,,,
422,Charlie Tilson,,,,,,,,
423,Yandy DÃ­az,,558400.0,,,2800000.0,6000000.0,8000000.0,10000000.0
424,Ryan Goins,,,100000.0,,,,,
425,Austin Wynns,,558000.0,,,100000.0,,,
426,Cheslor Cuthbert,573500.0,850000.0,100000.0,,,,,
427,Rafael Lopez,580000.0,,,,,,,
428,Eric Young Jr.,,100000.0,,,,,,
429,Grayson Greiner,,558600.0,,,100000.0,,,
430,Corey Seager,605000.0,4000000.0,7600000.0,13750000.0,33000000.0,35500000.0,35000000.0,32500000.0
431,Bradley Zimmer,551200.0,561200.0,,,1300000.0,,,
432,J.D. Davis,550100.0,561420.0,,2100000.0,2760000.0,4210000.0,1112903.0,
433,Eric Sogard,2400000.0,100000.0,4000000.0,500000.0,,,,
434,JosÃ© Osuna,,,,,,,,
435,Willie Calhoun,,,,,1300000.0,,817204.0,
436,Anthony Santander,546500.0,,,2100000.0,3150000.0,7400000.0,11700000.0,16200000.0
437,Richard UreÃ±a,,562000.0,,,,,,
438,JosÃ© RondÃ³n,,560000.0,100000.0,,,,,
439,Francisco Arcia,,,,,,,,
440,David Freitas,,558500.0,,,,,,
441,Mac Williamson,,567500.0,,,,,,
442,Jordan Luplow,,564500.0,,,1400000.0,1400000.0,,
443,Rob Refsnyder,,,,,100000.0,1200000.0,1850000.0,2100000.0
444,Josh Phegley,905000.0,1075000.0,,,,,,
445,Ronald Torreyes,615500.0,800000.0,,,,,,
446,Daniel Vogelbach,,558600.0,,1400000.0,800000.0,1500000.0,2000000.0,
447,Dawel Lugo,,,,,,,,
448,Chase d'Arnaud,,,,,,,,
449,Marcus Semien,,560000.0,,,,,,
450,Pete Alonso,,555000.0,,,7400000.0,14500000.0,20500000.0,30000000.0
451,VÃ­ctor Robles,,557800.0,,,1650000.0,2325000.0,2650000.0,4125000.0
452,Christian Walker,,559800.0,,,2600000.0,6500000.0,10900000.0,20000000.0
453,Hanser Alberto,,578000.0,1650000.0,1650000.0,1350000.0,250000.0,,
454,Bryan Reynolds,,,,,6750000.0,7000000.0,10250000.0,12250000.0
455,Kevin Newman,,557500.0,,,1950000.0,2662000.0,946237.0,2500000.0
456,Vladimir Guerrero Jr.,,,,,7900000.0,14500000.0,19900000.0,28500000.0
457,Danny Santana,,,3600000.0,1750000.0,,,,
458,Eloy JimÃ©nez,,1833333.0,2333333.0,4333334.0,7333333.0,10333333.0,13833334.0,3000000.0
459,Ãscar Mercado,,,,,,,,
460,Gio Urshela,,,2475000.0,4650000.0,6550000.0,8400000.0,1500000.0,2150000.0
461,Brandon Drury,621900.0,1300000.0,2050000.0,,700000.0,8500000.0,8500000.0,
462,Raimel Tapia,,560000.0,,1950000.0,3950000.0,2000000.0,,
463,Harold RamÃ­rez,,,,,,2200000.0,3800000.0,
464,Cavan Biggio,,,,,2123000.0,2800000.0,4210000.0,
465,Garrett Cooper,545000.0,555000.0,,1800000.0,2500000.0,3900000.0,1750000.0,
466,Christin Stewart,,556400.0,,,,,,
467,Nick Senzel,,,,,1250000.0,1950000.0,2000000.0,
468,Rio Ruiz,,558500.0,,,,,,
469,Mike Yastrzemski,,,,,3700000.0,6100000.0,7900000.0,9250000.0
470,Rowdy Tellez,,557500.0,,,1940000.0,4950000.0,3200000.0,1500000.0
471,Luis Rengifo,,,,,,2300000.0,4400000.0,5950000.0
472,Nicky Lopez,,,,,2550000.0,3700000.0,4300000.0,850000.0
473,Dwight Smith Jr.,,560100.0,,100000.0,,,,
474,Travis d'Arnaud,3475000.0,2960000.0,8000000.0,8000000.0,8000000.0,8000000.0,8000000.0,6000000.0
475,Danny Jansen,,558700.0,,,1950000.0,3500000.0,5200000.0,8000000.0
476,Michael Chavis,,,,,,1000000.0,,
477,Alex Verdugo,,560000.0,,,3550000.0,6300000.0,8700000.0,1500000.0
478,Fernando Tatis Jr.,,555000.0,,1714286.0,5714286.0,7714285.0,11714286.0,20714285.0
479,Yordan Alvarez,,,,,764600.0,7833333.0,10833333.0,15833333.0
480,Harold Castro,,,,,1275000.0,1300000.0,,
481,Luis ArrÃ¡ez,,,,,2125000.0,6100000.0,10600000.0,14000000.0
482,Carson Kelly,,560000.0,,1700000.0,3325000.0,4275000.0,3500000.0,5000000.0
483,Stevie Wilkerson,,,,,,,,
484,Tommy Edman,,,,,,4200000.0,7000000.0,8400000.0
485,Keston Hiura,,,,,,2200000.0,,
486,Garrett Hampson,,557000.0,,,1863000.0,,2000000.0,1500000.0
487,Richie Martin,,555000.0,,,,,,
488,Austin Riley,,,,,3950000.0,15000000.0,21000000.0,22000000.0
489,Mike Tauchman,547000.0,557000.0,,,,,1950000.0,1950000.0
490,Byron Buxton,580000.0,1750000.0,3075000.0,5125000.0,9142857.0,15142857.0,15142857.0,15142857.0
491,Jon Berti,,,,,1200000.0,2100000.0,3625000.0,2000000.0
492,Juan Lagares,6500000.0,9000000.0,100000.0,1250000.0,,,,
493,Dylan Moore,,565000.0,,,1350000.0,2083333.0,3133334.0,3658333.0
494,Tom Murphy,,,,875000.0,1575000.0,1625000.0,4000000.0,4000000.0
495,Stephen Vogt,3065000.0,,2500000.0,3500000.0,850000.0,,,
496,Josh Naylor,,,,,1200000.0,3350000.0,6500000.0,10900000.0
497,Jason Castro,8000000.0,8000000.0,6850000.0,3500000.0,3500000.0,,,
498,Matt Beaty,,,,,,1250000.0,,
499,Austin Nola,,,,,,2350000.0,975000.0,
500,Josh VanMeter,,,,,,,,
501,Tim Locastro,,,,,900000.0,1400000.0,,
502,Luis UrÃ­as,,556400.0,,,2550000.0,4700000.0,5000000.0,1100000.0
503,Ryan Cordell,,555000.0,,,,,,
504,Clint Frazier,559200.0,563300.0,,2100000.0,1500000.0,,,
505,Francisco Mejia,,556300.0,,,1455000.0,2155000.0,,
506,Adam Haseley,,,,,,,,
507,Gordon Beckham,100000.0,100000.0,100000.0,,,,,
508,Donovan Solano,,,1375000.0,3250000.0,4500000.0,2000000.0,,3500000.0
509,Keon Broxton,,571765.0,100000.0,100000.0,,,,
510,Aristides Aquino,,,,579000.0,720000.0,,,
511,Mike Freeman,,,,,,,,
512,Bo Bichette,,,,,,3933333.0,12083334.0,17583333.0
513,Ildemaro Vargas,,557000.0,,,100000.0,975000.0,1100000.0,
514,Jacob Stallings,,564000.0,,1300000.0,2450000.0,3350000.0,1500000.0,500000.0
515,Isan DÃ­az,,,,,,,,
516,Ty France,,,,,,4100000.0,6775000.0,1000000.0
517,Kyle Farmer,,557500.0,,640000.0,3155000.0,5585000.0,6300000.0,2500000.0
518,Bubba Starling,,,,100000.0,,,,
519,Will Smith,,,,,,5250000.0,16550000.0,16000000.0
520,Alex Dickerson,551600.0,,925000.0,2000000.0,1000000.0,,,
521,Travis Demeritte,,,,100000.0,,,,
522,Jung Ho Kang,3000000.0,250000.0,,,,,,
523,Trent Grisham,,,,,,3175000.0,5500000.0,5000000.0
524,Nathaniel Lowe,,,,,,4050000.0,7500000.0,10300000.0
525,Shed Long Jr.,,,,,100000.0,,,
526,Derek Fisher,554400.0,,,,,,,
527,Matt Thaiss,,,,,,740000.0,770000.0,1000000.0
528,Mike Ford,,,,,100000.0,,1300000.0,
529,Cole Tucker,,,,,,,,
530,Pablo Reyes,,565500.0,,,,,,
531,Josh Rojas,,,,,,2575000.0,3100000.0,3500000.0
532,Sam Travis,,558500.0,,,,,,
533,Marco HernÃ¡ndez,554000.0,564000.0,650000.0,,,,,
534,Meibrys Viloria,,,,,,750000.0,,
535,CÃ©sar Puello,,,,,,,,
536,TomÃ¡s Nido,,556300.0,,,890000.0,1600000.0,2100000.0,
537,Mike Brosseau,,,,,,1400000.0,,
538,Cam Gallagher,,557125.0,,,885000.0,1250000.0,,
539,DJ Stewart,,,,,,,1380000.0,
540,Humberto Arteaga,,,100000.0,,,,,
541,Nick Solak,,,,,,,,
542,Tim Lopes,,,,,,,,
543,Jake Rogers,,,,,,726000.0,1700000.0,2640000.0
544,Myles Straw,,,,,1650000.0,2900000.0,4900000.0,6400000.0
545,Jose Trevino,,,,,,2360000.0,2730000.0,3425000.0
546,Mauricio DubÃ³n,,,,,,1400000.0,3500000.0,5000000.0
547,Willi Castro,,,,,,1800000.0,3300000.0,6400000.0
548,Tyler Wade,551300.0,572000.0,,,825000.0,,850000.0,850000.0
549,Yonathan Daza,,,,,,730000.0,,
550,Reese McGuire,,,,,,1225000.0,1500000.0,
551,Zack Collins,,,,,,,,
552,Dustin Garneau,,,650000.0,100000.0,1175000.0,,,
553,Kyle Lewis,,,,,,1610000.0,,
554,Kyle Tucker,,,,,,5000000.0,12000000.0,16500000.0
555,Luis Robert Jr.,,,5833333.0,3500000.0,6000000.0,9500000.0,12500000.0,15000000.0
556,Evan White,,,,1300000.0,1400000.0,3000000.0,7000000.0,8000000.0
557,Jake Cronenworth,,,,,,4225000.0,7285714.0,11285715.0
558,Yoshi Tsutsugo,,,,7000000.0,4000000.0,,,
559,Shogo Akiyama,,,,7000000.0,8000000.0,,,
560,Alec Bohm,,,,,,748000.0,4000000.0,7700000.0
561,Ryan Mountcastle,,,,,,738400.0,4137500.0,6787000.0
562,Sean Murphy,,,,,,4000000.0,9000000.0,15000000.0
563,Luis GarcÃ­a Jr.,,,,,,738600.0,1950000.0,4500000.0
564,Austin Hays,,,,,,3200000.0,6300000.0,4000000.0
565,Leody Taveras,,,,,,733445.0,2550000.0,4750000.0
566,Jo Adell,,,,,,,770000.0,2100000.0
567,AndrÃ©s GimÃ©nez,,,,,,1571429.0,5571428.0,10571429.0
568,Nico Hoerner,,,,,,2525000.0,11500000.0,11500000.0
569,Carter Kieboom,,,,,,,,
570,Dylan Carlson,,,,,,742400.0,2350000.0,975000.0
571,JosÃ© Marmolejos,,,,,,,,
572,Daulton Varsho,,,,,,3050000.0,5650000.0,8200000.0
573,Sam Hilliard,,,,,,750000.0,,1000000.0
574,Danny Mendick,,,,,,1000000.0,865591.0,
575,Joey Bart,,,,,,735000.0,770000.0,1175000.0
576,Nick Madrigal,,,,,,1225000.0,1810000.0,1350000.0
577,Isaac Paredes,,,,,,735000.0,3400000.0,6625000.0
578,Jared Walsh,,,,,,2650000.0,1250000.0,
579,Joshua Fuentes,,,,,100000.0,,,
580,Phil Gosselin,1250000.0,,,570500.0,100000.0,,,
581,Edward Olivares,,,,,,740750.0,1350000.0,
582,Darin Ruf,,,,1275000.0,3000000.0,3000000.0,250000.0,
583,Jonathan India,,,,,,760000.0,3800000.0,5000000.0
584,Adolis GarcÃ­a,,,,,,747760.0,4750000.0,9250000.0
585,Randy Arozarena,,,,,,4150000.0,8100000.0,11300000.0
586,Pavin Smith,,,,,,,740000.0,1500000.0
587,Jazz Chisholm Jr.,,,,,,749500.0,2625000.0,5850000.0
588,Andrew Vaughn,,,,,,760000.0,3250000.0,5850000.0
589,Akil Baddoo,,,,,,,1550000.0,
590,Bobby Dalbec,,,,575000.0,714000.0,,,
591,Brendan Rodgers,,,,,,2700000.0,3200000.0,2000000.0
592,Tyler Stephenson,,,,,,740000.0,2525000.0,4925000.0
593,Ke'Bryan Hayes,,,,,10000000.0,10000000.0,7000000.0,7000000.0
594,Eric Haase,,,,,,740100.0,,1350000.0
595,Gavin Lux,,,,,,,1225000.0,3325000.0
596,LaMonte Wade Jr.,,,,,,1375000.0,3500000.0,5000000.0
597,Luis Torrens,,,,,,1200000.0,,1500000.0
598,Jarred Kelenic,,,,,,729400.0,760000.0,2300000.0
599,Patrick Wisdom,,,600000.0,,,763000.0,2725000.0,
600,Abraham Toro,,,,,,1250000.0,1275000.0,
601,Edmundo Sosa,,,,,,950000.0,1700000.0,3000000.0
602,Chas McCormick,,,,,,752500.0,2850000.0,3400000.0
603,Wander Franco,,,,,1454545.0,2454546.0,2454545.0,8454546.0
604,Seth Brown,,,,,,730000.0,2600000.0,2700000.0
605,Trevor Larnach,,,,,,733650.0,740000.0,2100000.0
606,Ha-Seong Kim,,,,,6000000.0,7000000.0,8000000.0,2000000.0
607,RamÃ³n UrÃ­as,,,,,,734700.0,2100000.0,3150000.0
608,Kelvin GutiÃ©rrez,,,,,,,,
609,Ryan Jeffers,,,,,,741650.0,2425000.0,4550000.0
610,Jack Mayfield,,,,,,,,
611,Yadiel HernÃ¡ndez,,,,,,,,
612,Jonah Heim,,,,,,745660.0,3050000.0,4575000.0
613,Bobby Bradley,,,,,,,,
614,Andy IbÃ¡Ã±ez,,,,,,,766100.0,1400000.0
615,Tyrone Taylor,,,,,,735400.0,2025000.0,3025000.0
616,Jake Fraley,,,,,,740000.0,2150000.0,3125000.0
617,Lane Thomas,,,,,,2200000.0,2200000.0,7825000.0
618,Dom NuÃ±ez,,,,,,,,
619,YermÃ­n Mercedes,,,,570500.0,703000.0,,,
620,Brandon Marsh,,,,,,734500.0,766500.0,3000000.0
621,Frank Schwindel,,555000.0,,,,,,
622,Sergio AlcÃ¡ntara,,,,,,,,
623,Yu Chang,,,,,,850000.0,,
624,JesÃºs SÃ¡nchez,,,,,,738000.0,2100000.0,4500000.0
625,Phillip Evans,555000.0,,,,,,,
626,Santiago Espinal,,,,,,2100000.0,2725000.0,2400000.0
627,DJ Peters,,,,,,,,
628,Alex Kirilloff,,,,,,,1350000.0,
629,Michael PÃ©rez,,556700.0,,,,,,
630,Eli White,,,,,,,,
631,Bryan De La Cruz,,,,,,736000.0,768000.0,860000.0
632,Nick Gordon,,,,,,735400.0,900000.0,
633,Brent Rooker,,,,,,725000.0,750000.0,4000000.0
634,Andrew Stevenson,,559100.0,,,850000.0,,,
635,Kyle Higashioka,,562900.0,,,935000.0,1462500.0,2180000.0,5750000.0
636,Connor Joe,,555000.0,,,,735000.0,2125000.0,1000000.0
637,Jorge Mateo,,,,,,2000000.0,2700000.0,3550000.0
638,Owen Miller,,,,,,731100.0,740000.0,
639,Ryan McKenna,,,,,,725800.0,800000.0,
640,Alejandro Kirk,,,,,,767300.0,2800000.0,4600000.0
641,William Contreras,,,,,,739000.0,766900.0,6000000.0
642,Andrew Knizner,,,,,,1100000.0,1825000.0,
643,Jose Rojas,,,,,,,,
644,Zack Short,,,,,,,747300.0,
645,Christian Arroyo,,,,,1200000.0,2000000.0,,
646,Gavin Sheets,,,,,,735000.0,756950.0,
647,Taylor Trammell,,,,,,726700.0,,
648,Taylor Walls,,,,,,727600.0,757300.0,1350000.0
649,Zach McKinstry,,,,,,734500.0,764400.0,1650000.0
650,Yonny HernÃ¡ndez,,,,,,,,
651,Jake Meyers,,,,,,732000.0,767300.0,2300000.0
652,Luis Guillorme,,555960.0,,,875000.0,1600000.0,1100000.0,
653,Jason Martin,,,,,100000.0,,,
654,Alex Jackson,,,,,,,740000.0,
655,Derek Hill,,,,,,,,
656,Hoy Park,,,,,,,,
657,Anthony Alford,,,,,,,,
658,Cal Raleigh,,,,,,758300.0,795000.0,2666667.0
659,John Nogowski,,,,,,,,
660,Justin Williams,,555100.0,,,,,,
661,Max Schrock,,,,,,,,
662,Ernie Clement,,,,,,,757700.0,1970000.0
663,Ka'ai Tom,,,,,,,,
664,Thairo Estrada,,555000.0,,,,2250000.0,4700000.0,2750000.0
665,Nick Maton,,,,,,726600.0,,
666,Lewin DÃ­az,,,,,,,,
667,Lars Nootbaar,,,,,,732400.0,761000.0,2950000.0
668,Riley Adams,,,,,,728800.0,750900.0,850000.0
669,Robel GarcÃ­a,,,,,,,,
670,Daz Cameron,,,,,,,740000.0,
671,Jarren Duran,,,,,,,760000.0,3750000.0
672,Taylor Jones,,,,,,,,
673,Luke Williams,,,,,,,740000.0,
674,Tres Barrera,,,,,,,,
675,Kyle Garlick,,,,,,750000.0,,
676,Andrew Young,,,,,,,,
677,Seby Zavala,,,,,,732000.0,756700.0,
678,Jonathan Davis,,,,,,,,
679,Marcus Semien,,,,,,,765200.0,1000000.0
680,Steven Kwan,,,,,,727300.0,757600.0,4175000.0
681,Bobby Witt Jr.,,,,,,745750.0,3111111.0,8111111.0
682,Julio RodrÃ­guez,,,,,700000.0,6185715.0,12185714.0,20185714.0
683,Jeremy PeÃ±a,,,,,,754900.0,783500.0,4100000.0
684,MJ Melendez,,,,,,726500.0,754750.0,2650000.0
685,Geraldo Perdomo,,,,,,738600.0,786000.0,2550000.0
686,JosÃ© Miranda,,,,,,727850.0,740000.0,
687,Adley Rutschman,,,,,,733900.0,760300.0,5500000.0
688,Brendan Donovan,,,,,,728600.0,757200.0,2850000.0
689,Bryson Stott,,,,,,734500.0,768000.0,3200000.0
690,Seiya Suzuki,,,,,8000000.0,18000000.0,21000000.0,19000000.0
691,Michael Harris II,,,,,700000.0,5000000.0,5000000.0,8000000.0
692,Keibert Ruiz,,,,,,1375000.0,6375000.0,5375000.0
693,Christopher Morel,,,,,,,767000.0,
694,Riley Greene,,,,,,727800.0,766300.0,
695,Alek Thomas,,,,,,735200.0,769500.0,
696,Spencer Torkelson,,,,,,723100.0,765700.0,
697,Oscar GonzÃ¡lez,,,,,,722600.0,,
698,Jack Suwinski,,,,,,725000.0,755000.0,
699,Oneil Cruz,,,,,,720000.0,755000.0,
700,Matt Vierling,,,,,,727100.0,766000.0,3005000.0
701,Jake McCarthy,,,,,,735600.0,766000.0,
702,Luis GonzÃ¡lez,,,,,,,,
703,Andrew Velazquez,,,,,,,,
704,Gilberto Celestino,,,,,,,,
705,Christian Bethancourt,,,,,,1350000.0,2050000.0,
706,Nick Allen,,,,,,720000.0,745000.0,
707,Jose Siri,,,,,,731600.0,757800.0,2400000.0
708,Nolan Gorman,,,,,,726950.0,755550.0,
709,CJ Abrams,,,,,,724200.0,752400.0,
710,Vinnie Pasquantino,,,,,,725500.0,752750.0,
711,Sheldon Neuse,,,,,,,,
712,Alfonso Rivas III,,,,,,,,
713,Diego Castillo,,,,,,,,
714,Rodolfo Castro,,,,,,725000.0,740000.0,
715,Kyle Isbel,,,,,,727500.0,758250.0,1750000.0
716,Juan Yepez,,,,,,,,
717,Matt Reynolds,,,,,,,,
718,Cristian Pache,,,,,,,760500.0,
719,TJ Friedl,,,,,,722500.0,750000.0,
720,Vimael MachÃ­n,,,,,,,,
721,Josh Smith,,,,,,727095.0,749500.0,
722,Nick Fortes,,,,,,730000.0,759000.0,1860000.0
723,Joey Meneses,,,,,,723300.0,752000.0,
724,JJ Bleday,,,,,,,745000.0,
725,Calvin Mitchell,,,,,,,,
726,P.J. Higgins,,,,,,,,
727,Ezequiel DurÃ¡n,,,,,,724170.0,754500.0,
728,JosÃ© AzÃ³car,,,,,,723700.0,745700.0,
729,Nelson VelÃ¡zquez,,,,,,,747000.0,
730,Brian Serven,,,,,,722000.0,751000.0,
731,Sam Haggerty,,,,,,726600.0,900000.0,
732,Cooper Hummel,,,,,,723800.0,740000.0,
733,Josh Lowe,,,,,,723200.0,755700.0,
734,Michael Massey,,,,,,722850.0,757000.0,
735,Jonah Bride,,,,,,,745000.0,
736,Elehuris Montero,,,,,,722000.0,745000.0,
737,Tyler Nevin,,,,,,,,
738,Jake Burger,,,,,,,760000.0,
739,Nick Pratto,,,,,,,740000.0,
740,Bubba Thompson,,,,,,724305.0,,
741,David Villar,,,,,,723750.0,740000.0,
742,Tucupita Marcano,,,,,,,746000.0,
743,Jose Barrero,,,,,,730000.0,,
744,Tyler Heineman,,,,100000.0,,,740000.0,
745,Oswaldo Cabrera,,,,,,742100.0,783000.0,
746,Charles Leblanc,,,,,,,,
747,Jason Delay,,,,,,720000.0,755000.0,
748,Vidal BrujÃ¡n,,,,,,,745800.0,
749,Vaughn Grissom,,,,,,,742000.0,
750,Alejo LÃ³pez,,,,,,,,
751,Shea Langeliers,,,,,,720000.0,745000.0,
752,Kevin Smith,,,,,,,,
753,Darick Hall,,,,,,724500.0,740000.0,
754,Gunnar Henderson,,,,,,723200.0,756200.0,
755,Sam Huff,,,,,,,740000.0,
756,Alex Call,,,,,,721800.0,740000.0,
757,Kody Clemens,,,,,,,740000.0,
758,Seth Beer,,,,,,,,
759,DÃ©rmis Garcia,,,,,,,,
760,Alan Trejo,,,,,,722000.0,745000.0,
761,JosÃ© Herrera,,,,,,724300.0,740000.0,
762,Bligh Madris,,,,,,,,
763,Richie Palacios,,,,,,,745200.0,
764,Nate Eaton,,,,,,722200.0,,
765,Garrett Stubbs,,,,,,741000.0,850000.0,850000.0
766,Michael Toglia,,,,,,,742000.0,
767,Skye Bolt,,,,,,,,
768,Corbin Carroll,,,,,,1625000.0,3625000.0,5625000.0
769,Aramis Garcia,,,,,,,,
770,Kerry Carpenter,,,,,,723700.0,761000.0,
771,Mickey Moniak,,,,,,,770000.0,2000000.0
772,Jason Vosler,,,,,,1000000.0,,
773,Stuart Fairchild,,,,,,722500.0,750000.0,
774,Romy GonzÃ¡lez,,,,,,723000.0,740000.0,
775,Drew Waters,,,,,,,740000.0,
776,Spencer Steer,,,,,,720000.0,750000.0,
777,Terrin Vavra,,,,,,722100.0,,
778,Michael Papierski,,,,,,,,
779,Peyton Burdick,,,,,,,740000.0,
780,Josh Jung,,,,,,721485.0,756000.0,
781,Marcus Semien,,,,,,722200.0,740000.0,
782,Ezequiel Tovar,,,,,,722000.0,1714286.0,4214285.0
783,Anthony Volpe,,,,,,720000.0,810100.0,
784,Masataka Yoshida,,,,,,15600000.0,18600000.0,18600000.0
785,James Outman,,,,,,722500.0,770000.0,
786,Maikel Garcia,,,,,,,751250.0,
787,Triston Casas,,,,,,723500.0,760000.0,
788,Esteury Ruiz,,,,,,720000.0,745000.0,
789,Ryan Noda,,,,,,,745000.0,
790,Jordan Walker,,,,,,,747450.0,
791,Will Brennan,,,,,,720100.0,744900.0,
792,Brice Turang,,,,,,,748200.0,
793,Brenton Doyle,,,,,,,742000.0,
794,Elly De La Cruz,,,,,,,742500.0,
795,Nolan Jones,,,,,,,740000.0,
796,Francisco Alvarez,,,,,,,762500.0,
797,Joey Wiemer,,,,,,,740000.0,
798,Edouard Julien,,,,,,,746750.0,
799,Luke Raley,,,,,,722300.0,754200.0,
800,Matt McLain,,,,,,,742500.0,
801,Connor Wong,,,,,,722000.0,760000.0,
802,Brett Baty,,,,,,,750000.0,
803,Gabriel Moreno,,,,,,722500.0,760100.0,
804,Yainer Diaz,,,,,,720300.0,768900.0,
805,Ji Hwan Bae,,,,,,725000.0,755000.0,
806,Patrick Bailey,,,,,,,747500.0,
807,Alec Burleson,,,,,,721450.0,750050.0,
808,Gabriel Arias,,,,,,720100.0,744100.0,
809,Blake Sabol,,,,,,,740000.0,
810,Will Benson,,,,,,720000.0,750000.0,
811,Zach Neto,,,,,,,750000.0,
812,Corey Julks,,,,,,,755700.0,
813,Andruw Monasterio,,,,,,,752500.0,
814,Miguel Vargas,,,,,,722500.0,740000.0,
815,Zack Gelof,,,,,,,740000.0,
816,Jordan Diaz,,,,,,,,
817,JosÃ© Caballero,,,,,,,751700.0,
818,Casey Schmitt,,,,,,,740000.0,
819,Stone Garrett,,,,,,,798600.0,
820,Joshua Palacios,,,,,,,740000.0,
821,Oscar ColÃ¡s,,,,,,,740000.0,
822,Henry Davis,,,,,,,747500.0,
823,Matt Wallner,,,,,,,745550.0,
824,Luis Matos,,,,,,,743750.0,
825,Christian Encarnacion-Strand,,,,,,,740000.0,
826,Royce Lewis,,,,,,,745700.0,1625000.0
827,Freddy Fermin,,,,,,,744500.0,
828,Mark Vientos,,,,,,,740000.0,
829,Bo Naylor,,,,,,,742100.0,
830,Jordan Westburg,,,,,,,745800.0,
831,Sal Frelick,,,,,,,746500.0,
832,Liover Peguero,,,,,,,740000.0,
833,Jared Triolo,,,,,,,745000.0,
834,Endy RodrÃ­guez,,,,,,,745000.0,
835,Logan O'Hoppe,,,,,,730000.0,760000.0,
836,Oswald Peraza,,,,,,,766600.0,
837,Carlos PÃ©rez,,,,100000.0,,740000.0,,
838,Dominic Canzone,,,,,,,743700.0,
839,Jake Alu,,,,,,,,
840,Luis Campusano,,,,,,722700.0,754700.0,1000000.0
841,Lenyn Sosa,,,,,,,740000.0,
842,Chad Wallach,545000.0,555000.0,,,,,,
843,Tyler Freeman,,,,,,,742000.0,
844,Blake Perkins,,,,,,,800000.0,
845,Johan Rojas,,,,,,,745000.0,
846,Zach Remillard,,,,,,,,
847,Miguel Amaya,,,,,,,746500.0,
848,Miles Mastrobuoni,,,,,,720500.0,746000.0,
849,Enmanuel ValdÃ©z,,,,,,,743500.0,
850,Parker Meadows,,,,,,,746900.0,
851,Davis Schneider,,,,,,,744900.0,
852,Matthew Batten,,,,,,,740000.0,
853,Dairon Blanco,,,,,,,743750.0,
854,Tyler Soderstrom,,,,,,,740000.0,
855,Masyn Winn,,,,,,,742250.0,
856,Nolan Schanuel,,,,,,,750000.0,
857,Brett Wisely,,,,,,,740000.0,
858,Lawrence Butler,,,,,,,740000.0,2928571.0
859,Nick Gonzales,,,,,,,740000.0,
860,Noelvi MartÃ©,,,,,,,740000.0,
861,Jacob Young,,,,,,,740000.0,
862,David Fry,,,,,,,741000.0,
863,Alika Williams,,,,,,,745000.0,
864,Ronny Mauricio,,,,,,,743500.0,
865,RenÃ© Pinto,,,,,,,745100.0,
866,Jon Singleton,2000000.0,500000.0,250000.0,250000.0,,,850000.0,
867,Jonathan Aranda,,,,,,,742800.0,
868,Everson Pereira,,,,,,,740000.0,
869,Dominic Fletcher,,,,,,,742900.0,
870,Cade Marlowe,,,,,,,740000.0,
871,Jarren Duran,,,,,,,740000.0,
872,Jackson Merrill,,,,,,,740000.0,809500.0
873,Jackson Chourio,,,,,,,2250000.0,4250000.0
874,Ceddanne Rafaela,,,,,,,1250000.0,1250000.0
875,Michael Busch,,,,,,,741500.0,
876,Colton Cowser,,,,,,,742800.0,
877,Wyatt Langford,,,,,,,740000.0,
878,Colt Keith,,,,,,,2833333.0,3833334.0
879,Heliot Ramos,,,,,,,740000.0,
880,Joey Ortiz,,,,,,,741500.0,
881,Max Schuemann,,,,,,,740000.0,
882,Wilyer Abreu,,,,,,,749500.0,
883,Andy Pages,,,,,,,740000.0,
884,Brayan Rocchio,,,,,,,740200.0,
885,Otto LÃ³pez,,,,,,,740000.0,
886,Wenceel PÃ©rez,,,,,,,740000.0,
887,Austin Wells,,,,,,,750000.0,
888,Pete Crow-Armstrong,,,,,,,740000.0,
889,Korey Lee,,,,,,,741850.0,
890,Spencer Horwitz,,,,,,,741900.0,
891,Jonny DeLuca,,,,,,,742400.0,
892,Tyler Fitzgerald,,,,,,,741875.0,
893,James Wood,,,,,,,,
894,Michael Siani,,,,,,,741650.0,
895,Ben Rortvedt,,,,,,,755400.0,1125000.0
896,David Hamilton,,,,,,,740000.0,
897,Xavier Edwards,,,,,,,743000.0,
898,Joey Loperfido,,,,,,,740000.0,
899,IvÃ¡n Herrera,,,,,,,743150.0,
900,Austin Martin,,,,,,,740000.0,
901,Justyn-Henry Malloy,,,,,,,740000.0,
902,Addison Barger,,,,,,,740000.0,
903,Hunter Goodman,,,,,,,740000.0,
904,Garrett Mitchell,,,,,,724300.0,744300.0,
905,Daniel Schneemann,,,,,,,740000.0,
906,Pedro PagÃ©s,,,,,,,740000.0,
907,Trey Lipscomb,,,,,,,740000.0,
908,Leo JimÃ©nez,,,,,,,,
909,Jackson Holliday,,,,,,,740000.0,
910,Jhonkensy Noel,,,,,,,,
911,Connor Norby,,,,,,,740000.0,
912,Blaze Alexander,,,,,,,740000.0,
913,Brooks Lee,,,,,,,,
914,Jordan Beck,,,,,,,740000.0,
915,Ben Rice,,,,,,,,
916,Junior Caminero,,,,,,,740000.0,
917,Nick Loftin,,,,,,,741900.0,
918,Ãngel MartÃ­nez,,,,,,,,
919,JosÃ© Tena,,,,,,,740000.0,
920,Evan Carter,,,,,,,745000.0,
921,Jung Hoo Lee,,,,,,,7833333.0,16833334.0
922,Kyle McCann,,,,,,,740000.0,
923,Kyle Manzardo,,,,,,,740000.0,
924,Victor Scott II,,,,,,,740000.0,
925,Darell Hernaiz,,,,,,,740000.0,
926,AndrÃ©s Chaparro,,,,,,,,
927,Dylan Crews,,,,,,,,
928,Curtis Mead,,,,,,,742300.0,
929,Grant McCray,,,,,,,,
930,Michael Stefanic,,,,,,,750000.0,
931,Brett Harris,,,,,,,740000.0,
932,Brooks Baldwin,,,,,,,,
933,Jerar EncarnaciÃ³n,,,,,,,,
934,Trey Sweeney,,,,,,,,
935,Heston Kjerstad,,,,,,,740000.0,
936,Estevan Florial,,,,,,,,
937,Sean Bouchard,,,,,,,740000.0,
938,Dane Myers,,,,,,,740000.0,
939,Bryan Ramos,,,,,,,740000.0,
940,Niko Kavadas,,,,,,,,
941,Oliver Dunn,,,,,,,740000.0,
942,Jacob Wilson,,,,,,,,
943,AgustÃ­n RamÃ­rez,,,,,,,,
944,Eric Wagaman,,,,,,,,
945,Caleb Durbin,,,,,,,,
946,Chase Meidroth,,,,,,,,
947,Cam Smith,,,,,,,,
948,Nick Kurtz,,,,,,,,
949,Dillon Dingler,,,,,,,,
950,Drake Baldwin,,,,,,,,
951,Carlos NarvÃ¡ez,,,,,,,,
952,Isaac Collins,,,,,,,,
953,Chandler Simpson,,,,,,,,
954,Nathan Lukes,,,,,,,740000.0,
955,Matt Shaw,,,,,,,,
956,Jasson DomÃ­nguez,,,,,,,745800.0,774200.0
957,Jake Mangum,,,,,,,,
958,Edgar Quero,,,,,,,,
959,Liam Hicks,,,,,,,,
960,Daylen Lile,,,,,,,,
961,Javier Sanoja,,,,,,,,
962,Roman Anthony,,,,,,,,457634.0
963,Kyle Teel,,,,,,,,
964,Thomas Saggese,,,,,,,,
965,Ben Williamson,,,,,,,,
966,Heriberto HernÃ¡ndez,,,,,,,,
967,Coby Mayo,,,,,,,,
968,Colson Montgomery,,,,,,,,
969,Brady House,,,,,,,,
970,Kristian Campbell,,,,,,,,1250000.0
971,Cole Young,,,,,,,,
972,Alexander Canario,,,,,,,740000.0,
973,Jakob Marsee,,,,,,,,
974,Jac Caglianone,,,,,,,,
975,Tim Tawa,,,,,,,,
976,Max Muncy,,,,,,,,
977,Otto Kemp,,,,,,,,
978,Kameron Misner,,,,,,,,
979,Nacho Alvarez Jr.,,,,,,,,
980,Luke Keaschall,,,,,,,,
981,Ryan Ritter,,,,,,,,
982,Robert Hassell III,,,,,,,,
983,Luisangel AcuÃ±a,,,,,,,,
984,Christian Koss,,,,,,,,
985,Christian Moore,,,,,,,,
986,Graham Pauley,,,,,,,740000.0,
987,Jeremiah Jackson,,,,,,,,
988,Alejandro Osuna,,,,,,,,
989,John Rave,,,,,,,,
990,Hyeseong Kim,,,,,,,,
991,Yohel Pozo,,,,,100000.0,,,
992,Denzel Clarke,,,,,,,,
993,Kyle Karros,,,,,,,,
994,Dalton Rushing,,,,,,,,
995,Alan Roden,,,,,,,,
996,Jahmai Jones,,,,,,,741200.0,
997,Bryce Teodosio,,,,,,,,
998,Will Wagner,,,,,,,,
999,Brandon Lockridge,,,,,,,,
1000,Yanquiel FernÃ¡ndez,,,,,,,,
1001,Warming Bernabel,,,,,,,,
1002,Kyren Paris,,,,,,,740000.0,
1003,C.J. Kayfus,,,,,,,,
1004,Dylan Beavers,,,,,,,,
1005,Marcelo Mayer,,,,,,,,
1006,Matt Mervis,,,,,,,740000.0,
1007,Colby Thomas,,,,,,,,
1008,Adrian Del Castillo,,,,,,,,
1009,Adael Amador,,,,,,,740000.0,
1010,Weston Wilson,,,,,,,740000.0,
1011,Cody Freeman,,,,,,,,
1012,Troy Johnston,,,,,,,,
1013,Braxton Fulford,,,,,,,,
1014,Samuel Basallo,,,,,,,,
1015,Rafael MarchÃ¡n,,,,,,,750000.0,
1016,Tyler Locklear,,,,,,,740000.0,
1017,Jonatan Clase,,,,,,,740000.0,
1018,Willie MacIver,,,,,,,,
1019,Leo Rivas,,,,,,,740000.0,
1020,Mickey Gasper,,,,,,,,
1021,Michael Helman,,,,,,,,
1022,Zach Dezenzo,,,,,,,,
1023,Drew Gilbert,,,,,,,,
1024,Carson Williams,,,,,,,,
1025,Hunter Feduccia,,,,,,,,
1026,Vinny Capra,,,,,,,740000.0,
1027,Nick Sogard,,,,,,,,
